"","avgAttempts","avgYards","avgTDs","avgPoints","lastRushAtt","lastRushYds","lastRushTD","lastTargets","lastPassYds","lastPassTD","lastFantasyPoints","performanceClass"
"1",0,0,0,0,0,0,0,0,0,0,0,0
"2",4.33333333333333,17.3333333333333,0,1.73333333333333,10,31,0,3,21,0,5.2,1
"3",3.66666666666667,16.3333333333333,0,1.63333333333333,9,42,0,2,7,0,4.9,0
"4",8.33333333333333,40.3333333333333,0,4.03333333333333,25,121,0,0,0,0,12.1,2
"5",3.66666666666667,31.3333333333333,0.333333333333333,5.13333333333333,7,50,1,4,44,0,15.4,3
"6",5,25.3333333333333,0.333333333333333,3.86666666666667,12,69,1,3,7,0,11.6,2
"7",2,4.66666666666667,0,0.466666666666667,6,14,0,0,0,0,1.4,0
"8",1,0.333333333333333,0.333333333333333,2.03333333333333,3,1,1,0,0,0,6.1,1
"9",0.333333333333333,0,0,0,0,0,0,1,0,0,0,0
"10",1.33333333333333,3,0,0.3,1,4,0,3,5,0,0.9,0
"11",7.66666666666667,40.6666666666667,0,4.06666666666667,16,45,0,7,77,0,12.2,2
"12",0.666666666666667,1.33333333333333,0,0.133333333333333,0,0,0,2,4,0,0.4,0
"13",5.33333333333333,26,0,2.6,12,62,0,4,16,0,7.8,1
"14",5,28.6666666666667,0.666666666666667,6.86666666666667,12,74,1,3,12,1,20.6,4
"15",1.33333333333333,4.66666666666667,0,0.466666666666667,3,10,0,1,4,0,1.4,0
"16",1,7,0,0.7,2,4,0,1,17,0,2.1,0
"17",2.33333333333333,4.33333333333333,0,0.433333333333333,5,1,0,2,12,0,1.3,0
"18",0,0,0,0,0,0,0,0,0,0,0,0
"19",0,0,0,0,0,0,0,0,0,0,0,0
"20",9.33333333333333,60.6666666666667,0.666666666666667,10.0666666666667,26,168,2,2,14,0,30.2,4
"21",0,0,0,0,0,0,0,0,0,0,0,0
"22",0,0,0,0,0,0,0,0,0,0,0,0
"23",3.33333333333333,11.6666666666667,0,1.16666666666667,5,12,0,5,23,0,3.5,0
"24",0,0,0,0,0,0,0,0,0,0,0,0
"25",7,33.3333333333333,0.666666666666667,7.33333333333333,20,91,2,1,9,0,22,4
"26",3.66666666666667,12.3333333333333,0,1.23333333333333,10,37,0,1,0,0,3.7,0
"27",2,10.3333333333333,0,1.03333333333333,5,22,0,1,9,0,3.1,0
"28",1.33333333333333,3.66666666666667,0,0.366666666666667,3,11,0,1,0,0,1.1,0
"29",6.66666666666667,16,0,1.6,12,29,0,8,19,0,4.8,0
"30",0.333333333333333,1.66666666666667,0,0.166666666666667,0,0,0,1,5,0,0.5,0
"31",0.666666666666667,1,0,0.1,1,0,0,1,3,0,0.3,0
"32",6.33333333333333,20.6666666666667,0.666666666666667,6.06666666666667,13,43,2,6,19,0,18.2,3
"33",0.333333333333333,0,0,0,0,0,0,1,0,0,0,0
"34",2.33333333333333,11.6666666666667,0,1.16666666666667,6,16,0,1,19,0,3.5,0
"35",4.66666666666667,42,0,4.2,5,50,0,9,76,0,12.6,2
"36",0.666666666666667,18.3333333333333,0.333333333333333,3.83333333333333,0,0,0,2,55,1,11.5,2
"37",7.33333333333333,44,0,4.4,21,127,0,1,5,0,13.2,2
"38",4.33333333333333,6.66666666666667,0.666666666666667,4.66666666666667,8,9,1,5,11,1,14,2
"39",2.33333333333333,15,0,1.5,5,19,0,2,26,0,4.5,0
"40",0.333333333333333,0.666666666666667,0,0.0666666666666667,1,2,0,0,0,0,0.2,0
"41",4.66666666666667,15.6666666666667,0,1.56666666666667,10,18,0,4,29,0,4.7,0
"42",0.666666666666667,2.66666666666667,0,0.266666666666667,2,8,0,0,0,0,0.8,0
"43",6.66666666666667,40,0,4,15,69,0,5,51,0,12,2
"44",4,18,0,1.8,11,52,0,1,2,0,5.4,1
"45",0,0,0,0,0,0,0,0,0,0,0,0
"46",2.33333333333333,7.33333333333333,0,0.733333333333333,7,22,0,0,0,0,2.2,0
"47",7.33333333333333,33,0.333333333333333,5.3,19,85,1,3,14,0,15.9,3
"48",1.33333333333333,1.66666666666667,0,0.166666666666667,2,2,0,2,3,0,0.5,0
"49",3.66666666666667,10.3333333333333,0,1.03333333333333,8,31,0,3,0,0,3.1,0
"50",1.33333333333333,9.66666666666667,0,0.966666666666667,3,13,0,1,16,0,2.9,0
"51",0,0,0,0,0,0,0,0,0,0,0,0
"52",14.6666666666667,81.3333333333333,0,7.46666666666667,29,134,0,2,58,0,17.2,3
"53",5.66666666666667,19.6666666666667,0,1.96666666666667,5,6,0,1,4,0,1,0
"54",15,64.3333333333333,0,6.43333333333333,18,59,0,2,13,0,7.2,1
"55",6,37.3333333333333,0.333333333333333,5.73333333333333,6,9,0,1,9,0,1.8,0
"56",4,19,0,1.9,6,43,0,0,0,0,4.3,0
"57",1,0.333333333333333,0.333333333333333,2.03333333333333,0,0,0,0,0,0,0,0
"58",0.333333333333333,0,0,0,0,0,0,0,0,0,0,0
"59",2,3.33333333333333,0.333333333333333,2.33333333333333,1,1,1,1,0,0,6.1,1
"60",10,49.6666666666667,0,4.96666666666667,1,0,0,6,27,0,2.7,0
"61",1.66666666666667,2.66666666666667,0,0.266666666666667,3,4,0,0,0,0,0.4,0
"62",11,44,0,4.4,12,38,0,5,16,0,5.4,1
"63",9.66666666666667,42.6666666666667,0.666666666666667,8.26666666666667,12,42,0,2,0,0,4.2,0
"64",1.66666666666667,7.33333333333333,0,0.733333333333333,0,0,0,1,8,0,0.8,0
"65",1.33333333333333,7.66666666666667,0,0.766666666666667,1,2,0,0,0,0,0.2,0
"66",3,5.33333333333333,0,0.533333333333333,1,1,0,1,2,0,0.3,0
"67",0.666666666666667,2.33333333333333,0,0.233333333333333,0,0,0,2,7,0,0.7,0
"68",15,81,0.666666666666667,12.1,13,43,0,4,18,0,6.1,1
"69",0,0,0,0,0,0,0,0,0,0,0,0
"70",0,0,0,0,0,0,0,0,0,0,0,0
"71",7,29,0,2.9,8,38,0,3,14,0,5.2,1
"72",12.3333333333333,53.3333333333333,0.666666666666667,9.33333333333333,14,57,0,2,3,0,6,1
"73",10.6666666666667,36.3333333333333,0,3.63333333333333,20,72,0,1,0,0,7.2,1
"74",9.33333333333333,26,0,2.6,14,38,0,8,9,0,4.7,0
"75",1.66666666666667,7,0,0.7,0,0,0,1,10,0,1,0
"76",11,25.6666666666667,0,2.56666666666667,12,27,0,1,2,0,2.9,0
"77",1.33333333333333,8.66666666666667,0,0.866666666666667,3,7,0,1,19,0,2.6,0
"78",0.666666666666667,2,0,0.2,1,1,0,0,0,0,0.1,0
"79",2.66666666666667,7.66666666666667,0.333333333333333,2.76666666666667,2,5,0,4,15,1,8,1
"80",10.6666666666667,55.3333333333333,0.666666666666667,9.53333333333333,7,36,0,6,68,0,10.4,2
"81",0.333333333333333,0,0,0,0,0,0,0,0,0,0,0
"82",6.33333333333333,29,0,2.9,10,31,0,2,21,0,5.2,1
"83",6.33333333333333,48.3333333333333,0,4.83333333333333,1,-4,0,4,23,0,1.9,0
"84",3,33.3333333333333,0.666666666666667,7.33333333333333,5,42,1,2,3,0,10.5,2
"85",15.6666666666667,74.6666666666667,1,13.4666666666667,20,77,3,5,15,0,27.2,4
"86",10.3333333333333,25,0.666666666666667,6.5,13,2,0,5,53,0,5.5,1
"87",2.66666666666667,18,0,1.8,1,9,0,0,0,0,0.9,0
"88",0.666666666666667,0.666666666666667,0,0.0666666666666667,0,0,0,1,0,0,0,0
"89",11.3333333333333,35.3333333333333,0.333333333333333,5.53333333333333,12,25,1,8,34,0,11.9,2
"90",5.33333333333333,44,0,4.4,10,98,0,4,26,0,12.4,2
"91",12,86,0.333333333333333,9.93333333333333,7,40,1,9,98,0,17.8,3
"92",11.6666666666667,50.6666666666667,0,4.4,21,78,0,2,20,0,7.8,1
"93",0,0,0,0,0,0,0,0,0,0,0,0
"94",6.33333333333333,21.6666666666667,0,2.16666666666667,12,43,0,0,0,0,4.3,0
"95",8.33333333333333,36,0.333333333333333,5.6,3,9,0,0,0,0,0.9,0
"96",1.66666666666667,2.66666666666667,0,0.266666666666667,1,3,0,0,0,0,0.3,0
"97",9,30.6666666666667,0,2.4,15,57,0,1,4,0,4.1,0
"98",2,15,0.333333333333333,2.83333333333333,0,0,0,2,16,1,5.6,1
"99",7.66666666666667,46.3333333333333,0,4.63333333333333,20,123,0,3,16,0,13.9,2
"100",5,24,0.333333333333333,4.4,15,72,1,0,0,0,13.2,2
"101",0,0,0,0,0,0,0,0,0,0,0,0
"102",21.3333333333333,123.333333333333,0.666666666666667,15.6666666666667,20,126,2,0,0,0,24.6,4
"103",16,66,0.333333333333333,8.6,31,139,1,0,0,0,19.9,3
"104",17,70.6666666666667,0,7.06666666666667,6,19,0,0,0,0,1.9,0
"105",0.666666666666667,5.66666666666667,0,0.566666666666667,2,17,0,0,0,0,1.7,0
"106",10.3333333333333,51.3333333333333,0.666666666666667,9.13333333333333,8,23,0,5,19,1,10.2,2
"107",8.66666666666667,28.6666666666667,0.333333333333333,4.86666666666667,14,29,1,0,0,0,8.9,1
"108",2.66666666666667,0,0.333333333333333,2,5,-1,0,0,0,0,-0.1,0
"109",0.333333333333333,0,0,0,0,0,0,0,0,0,0,0
"110",4.66666666666667,20.3333333333333,0.333333333333333,4.03333333333333,12,49,1,2,12,0,12.1,2
"111",2.66666666666667,4.66666666666667,0.333333333333333,2.46666666666667,2,4,0,0,0,0,0.4,0
"112",11,59.6666666666667,0,5.96666666666667,1,12,0,2,18,0,3,0
"113",3,4,0,0.4,1,1,0,3,3,0,0.4,0
"114",17,69,0,6.9,10,31,0,8,44,0,7.5,1
"115",12,56.3333333333333,0.666666666666667,9.63333333333333,5,10,0,2,31,0,4.1,0
"116",1.66666666666667,7.33333333333333,0,0.733333333333333,0,0,0,0,0,0,0,0
"117",4.33333333333333,16.3333333333333,0,1.63333333333333,8,26,0,1,0,0,2.6,0
"118",3,5.33333333333333,0,0.533333333333333,0,0,0,0,0,0,0,0
"119",0.666666666666667,2.33333333333333,0,0.233333333333333,0,0,0,0,0,0,0,0
"120",1,2,0,0.2,3,6,0,0,0,0,0.6,0
"121",20.3333333333333,101.333333333333,0.666666666666667,14.1333333333333,15,51,0,1,10,0,6.1,1
"122",0,0,0,0,0,0,0,0,0,0,0,0
"123",0.333333333333333,0,0,0,0,0,0,1,0,0,0,0
"124",9.66666666666667,46.3333333333333,0.333333333333333,6.63333333333333,6,11,0,2,41,1,11.2,2
"125",18.6666666666667,86.3333333333333,0.666666666666667,12.6333333333333,22,110,2,2,40,0,27,4
"126",11,27.6666666666667,0,2.76666666666667,5,5,0,0,0,0,0.5,0
"127",6,35.6666666666667,0.333333333333333,5.56666666666667,2,29,0,11,57,1,14.6,2
"128",14,34.6666666666667,0,3.46666666666667,8,18,0,1,9,0,2.7,0
"129",2.33333333333333,17.3333333333333,0,1.73333333333333,1,4,0,2,22,0,2.6,0
"130",2,6.66666666666667,0,0.666666666666667,2,6,0,2,8,0,1.4,0
"131",4.33333333333333,15,0.333333333333333,3.5,2,17,0,3,5,0,2.2,0
"132",13.6666666666667,69.6666666666667,0.666666666666667,10.9666666666667,5,11,0,4,32,0,4.3,0
"133",0.666666666666667,0.666666666666667,0,0.0666666666666667,1,2,0,0,0,0,0.2,0
"134",8.33333333333333,40.6666666666667,0.333333333333333,6.06666666666667,6,35,1,0,0,0,9.5,1
"135",12,60.3333333333333,0.333333333333333,8.03333333333333,11,17,1,6,19,0,9.6,1
"136",6.33333333333333,47,0.666666666666667,8.7,7,25,0,3,16,0,4.1,0
"137",16,75.3333333333333,1,13.5333333333333,1,2,0,0,0,0,0.2,0
"138",0.666666666666667,0.666666666666667,0,0.0666666666666667,0,0,0,0,0,0,0,0
"139",23,99.6666666666667,1.33333333333333,17.9666666666667,30,141,3,5,52,0,37.3,4
"140",7.66666666666667,58,0,5.8,5,7,0,2,35,0,4.2,0
"141",16.3333333333333,108.333333333333,0.666666666666667,14.1666666666667,8,37,1,5,30,0,12.7,2
"142",16.3333333333333,66,0,5.93333333333333,14,46,0,0,0,0,4.6,0
"143",0,0,0,0,0,0,0,0,0,0,0,0
"144",10,33.3333333333333,0,3.33333333333333,4,3,0,7,32,0,3.5,0
"145",12.6666666666667,65,0.333333333333333,8.5,10,46,0,3,41,0,8.7,1
"146",2,7.33333333333333,0,0.733333333333333,0,0,0,1,14,0,1.4,0
"147",14.3333333333333,62,0.666666666666667,9.53333333333333,14,86,2,2,8,0,21.4,4
"148",3.33333333333333,22.3333333333333,0.333333333333333,3.56666666666667,2,13,0,2,9,0,2.2,0
"149",13.3333333333333,74,0,7.4,13,49,0,4,34,0,8.3,1
"150",8.33333333333333,36,0.333333333333333,5.6,10,36,0,0,0,0,3.6,0
"151",0,0,0,0,0,0,0,0,0,0,0,0
"152",24.3333333333333,137.333333333333,1,19.0666666666667,16,81,1,6,13,0,15.4,3
"153",14.3333333333333,55.3333333333333,0.333333333333333,7.53333333333333,6,17,0,0,0,0,1.7,0
"154",15.3333333333333,52,0,5.2,17,62,0,3,3,0,6.5,1
"155",0.666666666666667,5.66666666666667,0,0.566666666666667,0,0,0,0,0,0,0,0
"156",12.6666666666667,34.6666666666667,0.333333333333333,5.46666666666667,13,33,0,5,11,0,4.4,0
"157",10.6666666666667,35.6666666666667,0.333333333333333,6.23333333333333,11,35,0,1,0,0,5.5,1
"158",2.66666666666667,6.33333333333333,0,0.633333333333333,0,0,0,3,20,0,2,0
"159",0,0,0,0,0,0,0,0,0,0,0,0
"160",4.33333333333333,11.6666666666667,0,0.5,8,10,0,5,25,0,1.5,0
"161",1.33333333333333,1.66666666666667,0.333333333333333,2.16666666666667,0,0,0,0,0,0,0,0
"162",4.66666666666667,20.3333333333333,0,2.03333333333333,2,0,0,2,4,0,0.4,0
"163",2.33333333333333,2.66666666666667,0,0.266666666666667,0,0,0,0,0,0,0,0
"164",12,47,0,4.7,0,0,0,1,12,0,1.2,0
"165",0.333333333333333,2.66666666666667,0,0.266666666666667,0,0,0,0,0,0,0,0
"166",3.33333333333333,9.33333333333333,0,0.933333333333333,0,0,0,0,0,0,0,0
"167",0.666666666666667,2.33333333333333,0,0.233333333333333,0,0,0,0,0,0,0,0
"168",3.66666666666667,10.3333333333333,0,1.03333333333333,8,25,0,0,0,0,2.5,0
"169",14,48,0,4.8,8,20,0,1,2,0,2.2,0
"170",0,0,0,0,0,0,0,0,0,0,0,0
"171",3,7,0,0.7,5,17,0,3,4,0,2.1,0
"172",10,52.3333333333333,0.666666666666667,9.23333333333333,6,23,0,5,30,1,11.3,2
"173",15.6666666666667,75.3333333333333,0.333333333333333,9.53333333333333,29,166,1,2,0,0,22.6,4
"174",21.3333333333333,105.333333333333,0.666666666666667,14.5333333333333,16,83,0,3,11,0,9.4,1
"175",11.3333333333333,34,0.333333333333333,5.4,3,27,1,4,23,0,11,2
"176",7.66666666666667,57.6666666666667,0.333333333333333,7.76666666666667,6,53,0,3,24,0,7.7,1
"177",0.333333333333333,-0.333333333333333,0,-0.0333333333333333,1,-1,0,0,0,0,-0.1,0
"178",0.333333333333333,-2,0,-0.2,0,0,0,1,-6,0,-0.6,0
"179",11.3333333333333,42,0,4.2,11,43,0,1,27,0,7,1
"180",4.66666666666667,53.6666666666667,0.333333333333333,7.36666666666667,2,10,0,5,99,1,16.9,3
"181",1.66666666666667,5,0,0.5,0,0,0,0,0,0,0,0
"182",4,14.3333333333333,0.333333333333333,3.43333333333333,0,0,0,1,1,0,0.1,0
"183",11.3333333333333,95,0,9.5,8,54,0,4,84,0,13.8,2
"184",0.666666666666667,0.666666666666667,0,0.0666666666666667,1,0,0,0,0,0,0,0
"185",9.33333333333333,39.3333333333333,0.333333333333333,5.93333333333333,10,31,0,0,0,0,3.1,0
"186",9.66666666666667,24,0.333333333333333,4.4,4,17,0,3,0,0,1.7,0
"187",10,55.6666666666667,0.666666666666667,8.9,3,18,0,10,63,1,12.1,2
"188",9.33333333333333,33,1,9.3,2,5,0,0,0,0,0.5,0
"189",9.33333333333333,34.3333333333333,0,3.43333333333333,8,36,0,2,12,0,4.8,0
"190",0.333333333333333,0,0,0,0,0,0,0,0,0,0,0
"191",25,133.666666666667,2.33333333333333,27.3666666666667,14,68,3,6,81,0,32.9,4
"192",20.6666666666667,95.6666666666667,0.333333333333333,10.9,20,106,1,5,37,0,20.3,4
"193",0,0,0,0,0,0,0,0,0,0,0,0
"194",13.6666666666667,64.6666666666667,0.333333333333333,8.46666666666667,8,31,0,10,85,1,17.6,3
"195",12.3333333333333,63,0,6.3,18,90,0,3,3,0,9.3,1
"196",1.33333333333333,9,0,0.9,0,0,0,2,10,0,1,0
"197",18.6666666666667,80.6666666666667,0.666666666666667,10.7333333333333,17,53,0,7,34,0,6.7,1
"198",4.33333333333333,30.6666666666667,0.333333333333333,4.4,3,21,0,4,33,0,5.4,1
"199",17.6666666666667,94.6666666666667,0.333333333333333,11.4666666666667,13,62,1,0,0,0,12.2,2
"200",13.3333333333333,77.6666666666667,0.333333333333333,9.76666666666667,12,63,0,3,62,0,12.5,2
"201",0,0,0,0,0,0,0,0,0,0,0,0
"202",14.6666666666667,63,0.333333333333333,8.3,6,22,0,1,11,0,3.3,0
"203",11.3333333333333,33,0,3.3,8,15,0,0,0,0,1.5,0
"204",0.666666666666667,5.66666666666667,0,0.566666666666667,0,0,0,0,0,0,0,0
"205",13,37,0.333333333333333,5.03333333333333,6,16,0,2,9,0,0.5,0
"206",1,21,0.333333333333333,4.1,3,63,1,0,0,0,12.3,2
"207",9.66666666666667,21.3333333333333,0.333333333333333,4.8,3,0,0,0,0,0,0,0
"208",6,19.3333333333333,0,1.93333333333333,7,19,0,3,20,0,3.9,0
"209",0,0,0,0,0,0,0,0,0,0,0,0
"210",8.33333333333333,38.3333333333333,0.666666666666667,7.83333333333333,7,9,1,4,45,0,11.4,2
"211",14,51,0,4.43333333333333,19,41,0,10,77,0,11.8,2
"212",3,20.6666666666667,0,2.06666666666667,0,0,0,2,28,0,2.8,0
"213",2,3.33333333333333,0,0.333333333333333,2,6,0,0,0,0,0.6,0
"214",5.66666666666667,28,0,2.8,7,20,0,3,23,0,4.3,0
"215",0,0,0,0,0,0,0,0,0,0,0,0
"216",3,8.66666666666667,0,0.866666666666667,0,0,0,0,0,0,0,0
"217",0,0,0,0,0,0,0,0,0,0,0,0
"218",0.666666666666667,7.66666666666667,0,0.766666666666667,0,0,0,2,23,0,2.3,0
"219",17,60,0.333333333333333,8,21,93,1,5,4,0,15.7,3
"220",0,0,0,0,0,0,0,0,0,0,0,0
"221",6,19,0,1.9,7,31,0,2,5,0,3.6,0
"222",11.6666666666667,80.3333333333333,0.666666666666667,12.0333333333333,12,51,0,4,85,0,13.6,2
"223",0,0,0,0,0,0,0,0,0,0,0,0
"224",18,115.666666666667,0.666666666666667,15.5666666666667,11,103,0,0,0,0,10.3,2
"225",5.33333333333333,25.6666666666667,0.333333333333333,4.56666666666667,1,5,0,3,17,0,2.2,0
"226",10.6666666666667,70.3333333333333,0.333333333333333,9.03333333333333,3,15,0,7,33,0,4.8,0
"227",0.666666666666667,1.66666666666667,0,0.166666666666667,1,6,0,0,0,0,0.6,0
"228",1,-1,0,-0.1,2,3,0,0,0,0,0.3,0
"229",11.3333333333333,45.6666666666667,0,4.56666666666667,11,22,0,2,18,0,4,0
"230",5.66666666666667,45.6666666666667,0.333333333333333,6.56666666666667,3,10,0,4,-8,0,0.2,0
"231",2,2.66666666666667,0,-0.4,2,-6,0,0,0,0,-2.6,0
"232",3,9.33333333333333,0,0.933333333333333,9,28,0,0,0,0,2.8,0
"233",10.6666666666667,85.6666666666667,0,8.56666666666667,4,10,0,7,66,0,7.6,1
"234",0.666666666666667,0.666666666666667,0,0.0666666666666667,0,0,0,0,0,0,0,0
"235",10.3333333333333,48,0.333333333333333,6.8,5,16,0,10,62,0,7.8,1
"236",10.3333333333333,30,0.333333333333333,5,5,27,0,2,10,0,3.7,0
"237",8.66666666666667,42.6666666666667,1,9.6,3,6,2,0,0,0,12.6,2
"238",2.66666666666667,9,0,0.9,5,20,0,0,0,0,2,0
"239",12.6666666666667,56,0.333333333333333,7.6,20,83,1,8,37,0,18,3
"240",0,0,0,0,0,0,0,0,0,0,0,0
"241",30,179.666666666667,2.33333333333333,31.9666666666667,27,153,1,8,44,0,25.7,4
"242",5.33333333333333,20,0,2,8,20,0,1,-2,0,1.8,0
"243",10,53.3333333333333,0.666666666666667,9.33333333333333,6,34,0,11,59,1,15.3,3
"244",22,115.666666666667,1.33333333333333,19.5666666666667,24,123,2,3,35,1,33.8,4
"245",0,0,0,0,0,0,0,0,0,0,0,0
"246",15.3333333333333,76,0.333333333333333,9.6,9,22,0,8,55,0,7.7,1
"247",16,71.6666666666667,0,7.16666666666667,13,27,0,1,8,0,3.5,0
"248",20.6666666666667,93,1,14.6333333333333,22,98,1,0,0,0,15.8,3
"249",5.33333333333333,36.6666666666667,0,3.66666666666667,2,5,0,3,29,0,3.4,0
"250",17.6666666666667,82,0.333333333333333,10.2,15,80,0,8,21,0,10.1,2
"251",0,0,0,0,0,0,0,0,0,0,0,0
"252",16.3333333333333,50.3333333333333,0.333333333333333,7.03333333333333,26,60,0,1,-3,0,5.7,1
"253",1.66666666666667,5.33333333333333,0,0.533333333333333,4,8,0,1,8,0,1.6,0
"254",4.33333333333333,16.6666666666667,0,1.66666666666667,0,0,0,0,0,0,0,0
"255",13.3333333333333,37.3333333333333,0,3.73333333333333,11,21,0,1,11,0,3.2,0
"256",14.6666666666667,46,0,3.93333333333333,14,48,0,4,21,0,6.9,1
"257",2,39,0.333333333333333,5.9,1,7,0,2,47,0,5.4,1
"258",6.66666666666667,13.6666666666667,0,2.03333333333333,5,6,0,0,0,0,0.6,0
"259",4.33333333333333,19.6666666666667,0,1.96666666666667,0,0,0,0,0,0,0,0
"260",0.666666666666667,4.33333333333333,0,0.433333333333333,1,0,0,1,13,0,1.3,0
"261",7,26.3333333333333,0.333333333333333,4.63333333333333,9,23,0,1,2,0,2.5,0
"262",22,88.3333333333333,0.333333333333333,10.1666666666667,18,53,0,6,59,1,17.2,3
"263",0,0,0,0,0,0,0,0,0,0,0,0
"264",2,3.66666666666667,0,0.366666666666667,4,-2,0,1,1,0,-0.1,0
"265",5.33333333333333,21,0,2.1,3,13,0,3,7,0,2,0
"266",3.66666666666667,21,0,2.1,7,23,0,4,40,0,6.3,1
"267",0,0,0,0,0,0,0,0,0,0,0,0
"268",1.66666666666667,37.3333333333333,0,3.73333333333333,0,0,0,3,89,0,8.9,1
"269",19.3333333333333,59.6666666666667,0.333333333333333,7.96666666666667,21,55,0,2,5,0,6,1
"270",0,0,0,0,0,0,0,0,0,0,0,0
"271",9.33333333333333,32,0,2.53333333333333,9,33,0,2,6,0,1.9,0
"272",18,120.666666666667,0.666666666666667,16.0666666666667,20,146,1,3,50,0,25.6,4
"273",15,80.6666666666667,0,8.06666666666667,14,40,0,1,5,0,4.5,0
"274",7,37,0.333333333333333,5.7,8,37,0,2,2,0,3.9,0
"275",11.3333333333333,54.3333333333333,0,5.43333333333333,5,12,0,10,26,0,3.8,0
"276",14,58.6666666666667,0,5.86666666666667,13,41,0,4,25,0,6.6,1
"277",7.33333333333333,46,0.333333333333333,6.6,3,10,0,5,17,0,2.7,0
"278",1,-1.66666666666667,0,-0.833333333333333,1,1,0,0,0,0,0.1,0
"279",1,2,0,0.2,2,5,0,0,0,0,0.5,0
"280",3.66666666666667,15,0,1.5,0,0,0,2,17,0,1.7,0
"281",12.3333333333333,95,0,9.5,7,8,0,7,63,0,7.1,1
"282",0.666666666666667,2.66666666666667,0,0.266666666666667,0,0,0,1,8,0,0.8,0
"283",6,20.3333333333333,0,2.03333333333333,2,4,0,2,3,0,0.7,0
"284",6.66666666666667,34.6666666666667,1,8.8,3,9,0,1,8,0,1.7,0
"285",2.66666666666667,8,0,0.8,1,-1,0,0,0,0,-0.1,0
"286",21,98,0.666666666666667,13.8,21,112,1,4,14,0,18.6,3
"287",3.33333333333333,12.6666666666667,0,1.26666666666667,7,19,0,3,19,0,3.8,0
"288",26,167.333333333333,2,28.7333333333333,13,100,1,10,56,1,27.6,4
"289",6,20,0.333333333333333,4,5,23,0,4,19,1,10.2,2
"290",9,44,0.333333333333333,6.4,4,21,0,6,18,0,3.9,0
"291",0,0,0,0,0,0,0,0,0,0,0,0
"292",0,0,0,0,0,0,0,0,0,0,0,0
"293",16,83,0.333333333333333,10.3,9,38,0,4,18,0,5.6,1
"294",13.6666666666667,49.3333333333333,0,4.93333333333333,4,3,0,2,17,0,2,0
"295",1.66666666666667,11,0,1.1,1,2,0,2,21,0,2.3,0
"296",20.6666666666667,93,0.333333333333333,10.6333333333333,13,78,0,3,16,0,9.4,1
"297",4.66666666666667,31.6666666666667,0,3.16666666666667,0,0,0,2,7,0,0.7,0
"298",15.3333333333333,78.6666666666667,0.666666666666667,11.8666666666667,8,50,1,2,23,0,13.3,2
"299",9.33333333333333,55.3333333333333,0,5.53333333333333,11,32,0,2,9,0,4.1,0
"300",0,0,0,0,0,0,0,0,0,0,0,0
"301",16.3333333333333,55.6666666666667,0,5.56666666666667,19,98,0,3,12,0,11,2
"302",2.66666666666667,9.66666666666667,0,0.966666666666667,1,5,0,2,8,0,1.3,0
"303",3.33333333333333,13.6666666666667,0,1.36666666666667,3,8,0,0,0,0,0.8,0
"304",9,18,0,1.8,6,5,0,1,2,0,0.7,0
"305",11.3333333333333,45.6666666666667,0,3.9,8,43,0,0,0,0,4.3,0
"306",5,55.3333333333333,0.333333333333333,7.53333333333333,5,21,0,4,28,0,4.9,0
"307",4,6.33333333333333,0,0.633333333333333,4,13,0,0,0,0,1.3,0
"308",3.33333333333333,13,0,1.3,0,0,0,0,0,0,0,0
"309",0.666666666666667,4.33333333333333,0,0.433333333333333,0,0,0,0,0,0,0,0
"310",10.3333333333333,45.3333333333333,0.333333333333333,6.53333333333333,10,57,0,0,0,0,5.7,1
"311",26,118.333333333333,1,17.8333333333333,18,59,1,7,66,1,24.5,4
"312",2.66666666666667,17.3333333333333,0,1.73333333333333,4,11,0,2,13,0,2.4,0
"313",0.666666666666667,2,0,0.2,0,0,0,0,0,0,0,0
"314",5.66666666666667,21,0,2.1,0,0,0,1,0,0,0,0
"315",0.333333333333333,1.33333333333333,0,0.133333333333333,0,0,0,1,4,0,0.4,0
"316",9,45.6666666666667,0,4.56666666666667,9,35,0,7,39,0,7.4,1
"317",1.66666666666667,37.3333333333333,0,3.73333333333333,0,0,0,0,0,0,0,0
"318",0.333333333333333,0,0,0,1,0,0,0,0,0,0,0
"319",20,65.6666666666667,0.333333333333333,8.56666666666667,11,40,0,0,0,0,4,0
"320",15.6666666666667,68,0.333333333333333,8.13333333333333,22,110,1,5,19,0,18.9,3
"321",9.66666666666667,67.3333333333333,0,6.06666666666667,10,49,0,3,17,0,4.6,0
"322",0,0,0,0,0,0,0,0,0,0,0,0
"323",14,83,0.666666666666667,12.3,17,41,0,2,12,1,11.3,2
"324",14.6666666666667,90,0.333333333333333,11,18,122,1,0,0,0,18.2,3
"325",7,26.3333333333333,0,2.63333333333333,4,4,0,3,14,0,1.8,0
"326",2.33333333333333,8.66666666666667,0,0.866666666666667,5,18,0,1,2,0,2,0
"327",8.33333333333333,25.6666666666667,0,2.56666666666667,4,16,0,6,32,0,4.8,0
"328",2.66666666666667,11.3333333333333,0,0.466666666666667,4,19,0,2,10,0,0.9,0
"329",4.66666666666667,19,0,1.9,2,9,0,1,3,0,1.2,0
"330",14,82.6666666666667,0.666666666666667,12.2666666666667,5,26,0,12,75,2,22.1,4
"331",0.666666666666667,3,0,0.3,1,1,0,0,0,0,0.1,0
"332",15.3333333333333,80,0.333333333333333,10,29,152,1,2,10,0,22.2,4
"333",8,28,0,2.8,3,9,0,10,31,0,4,0
"334",4,15.6666666666667,0.666666666666667,5.56666666666667,3,5,0,2,19,0,2.4,0
"335",4,12,0,1.2,4,9,0,2,8,0,1.7,0
"336",25,105.333333333333,0.666666666666667,14.5333333333333,18,65,0,4,5,0,7,1
"337",3.33333333333333,12.6666666666667,0,1.26666666666667,0,0,0,0,0,0,0,0
"338",28.6666666666667,161,1,22.1,25,116,0,3,14,0,13,2
"339",10.3333333333333,42.6666666666667,0.333333333333333,6.26666666666667,5,20,0,8,48,0,6.8,1
"340",0,0,0,0,0,0,0,0,0,0,0,0
"341",16.3333333333333,109.666666666667,1,16.9666666666667,19,136,0,3,35,0,17.1,3
"342",0,0,0,0,0,0,0,0,0,0,0,0
"343",14.3333333333333,74.3333333333333,0,7.43333333333333,6,17,0,7,73,0,9,1
"344",1.33333333333333,7.66666666666667,0,0.766666666666667,0,0,0,1,0,0,0,0
"345",18.3333333333333,89,0.333333333333333,10.9,9,43,0,8,32,0,7.5,1
"346",4,25.3333333333333,0,2.53333333333333,1,2,0,4,33,0,3.5,0
"347",0.333333333333333,0,0,0,1,0,0,0,0,0,0,0
"348",7,16.6666666666667,0,1.66666666666667,8,9,0,0,0,0,0.9,0
"349",0,0,0,0,0,0,0,0,0,0,0,0
"350",2.33333333333333,10,0,1,2,4,0,5,26,0,3,0
"351",0,0,0,0,0,0,0,0,0,0,0,0
"352",23.6666666666667,92,0,9.2,20,103,0,2,6,0,10.9,2
"353",5.33333333333333,20,0,2,7,31,0,1,0,0,3.1,0
"354",7.33333333333333,26.6666666666667,0,2.66666666666667,14,39,0,5,33,0,7.2,1
"355",0.666666666666667,0.666666666666667,0,0.0666666666666667,2,2,0,0,0,0,0.2,0
"356",9.66666666666667,38.3333333333333,0,3.83333333333333,1,3,0,2,0,0,0.3,0
"357",5.33333333333333,34.3333333333333,0,3.43333333333333,3,0,0,1,0,0,0,0
"358",4.66666666666667,8.66666666666667,0,0.866666666666667,5,7,0,0,0,0,0.7,0
"359",0.666666666666667,4.33333333333333,0,0.433333333333333,0,0,0,0,0,0,0,0
"360",0,0,0,0,0,0,0,0,0,0,0,0
"361",13,54.6666666666667,0,5.46666666666667,16,64,0,3,18,0,8.2,1
"362",0,0,0,0,0,0,0,0,0,0,0,0
"363",2,8,0,0.8,0,0,0,0,0,0,0,0
"364",2.33333333333333,6.66666666666667,0,0,0,0,0,0,0,0,-2,0
"365",0.333333333333333,1.33333333333333,0,0.133333333333333,0,0,0,0,0,0,0,0
"366",11,57,0,5.7,4,18,0,2,16,0,3.4,0
"367",0,0,0,0,0,0,0,0,0,0,0,0
"368",1.33333333333333,29.6666666666667,0,2.96666666666667,0,0,0,1,0,0,0,0
"369",0,0,0,0,0,0,0,0,0,0,0,0
"370",21.3333333333333,96.6666666666667,0.666666666666667,13,20,97,1,6,25,0,18.2,3
"371",7.66666666666667,37.3333333333333,0,3.06666666666667,6,22,0,4,24,0,4.6,0
"372",0,0,0,0,0,0,0,0,0,0,0,0
"373",20.6666666666667,96.6666666666667,0.666666666666667,13.6666666666667,15,17,0,5,24,0,4.1,0
"374",21.3333333333333,92,0.333333333333333,9.86666666666667,30,109,0,1,0,0,6.9,1
"375",9,26.3333333333333,0,2.63333333333333,8,18,0,2,4,0,2.2,0
"376",4.33333333333333,13.3333333333333,0,1.33333333333333,5,20,0,2,0,0,2,0
"377",10.6666666666667,57.3333333333333,0.333333333333333,7.73333333333333,14,101,1,1,5,0,16.6,3
"378",8.66666666666667,37,0.333333333333333,5.7,4,21,0,4,15,1,9.6,1
"379",2.66666666666667,11.3333333333333,0,0.466666666666667,0,0,0,0,0,0,0,0
"380",12.3333333333333,72.3333333333333,0.666666666666667,11.2333333333333,3,9,0,3,36,0,4.5,0
"381",19.6666666666667,91.6666666666667,0.333333333333333,11.1666666666667,20,64,0,8,49,0,11.3,2
"382",4,29.6666666666667,0,2.96666666666667,1,4,0,2,44,0,4.8,0
"383",6.66666666666667,42,0,4.2,9,71,0,4,39,0,11,2
"384",0,0,0,0,0,0,0,0,0,0,0,0
"385",26.6666666666667,139,0.666666666666667,17.9,21,88,0,8,43,0,13.1,2
"386",10.3333333333333,49.3333333333333,0.333333333333333,6.93333333333333,3,15,0,6,23,0,3.8,0
"387",8,50.3333333333333,0.333333333333333,7.03333333333333,5,19,0,9,93,1,17.2,3
"388",15.3333333333333,83,0,8.3,23,71,0,1,7,0,7.8,1
"389",0,0,0,0,0,0,0,0,0,0,0,0
"390",9.66666666666667,72.3333333333333,0,7.23333333333333,1,3,0,2,68,0,7.1,1
"391",6.33333333333333,22.3333333333333,0.333333333333333,4.23333333333333,11,38,1,2,9,0,10.7,2
"392",2,8.66666666666667,0,0.866666666666667,1,3,0,1,0,0,0.3,0
"393",19.3333333333333,87,0,8.7,22,70,0,3,22,0,9.2,1
"394",2.66666666666667,17,0,1.7,0,0,0,1,9,0,0.9,0
"395",0.333333333333333,0,0,0,0,0,0,0,0,0,0,0
"396",4.66666666666667,35.6666666666667,0.333333333333333,5.56666666666667,1,12,0,3,22,0,3.4,0
"397",11,25.3333333333333,0,2.53333333333333,10,14,0,2,12,0,2.6,0
"398",0,0,0,0,0,0,0,0,0,0,0,0
"399",2.33333333333333,6,0,0.6,5,9,0,2,9,0,1.8,0
"400",3.33333333333333,11,0,1.1,3,3,0,0,0,0,0.3,0
"401",0.333333333333333,6,0,0.6,0,0,0,1,18,0,1.8,0
"402",25,120.666666666667,0.333333333333333,14.0666666666667,29,125,1,2,18,0,20.3,4
"403",6.33333333333333,18.3333333333333,0.333333333333333,3.83333333333333,6,3,0,2,8,1,7.1,1
"404",3.66666666666667,5.66666666666667,0,0.566666666666667,4,10,0,0,0,0,1,0
"405",0.666666666666667,0.666666666666667,0,0.0666666666666667,0,0,0,0,0,0,0,0
"406",5.66666666666667,19,0,1.9,7,30,0,1,7,0,3.7,0
"407",0,0,0,0,0,0,0,0,0,0,0,0
"408",0.333333333333333,3.66666666666667,0,0.366666666666667,1,11,0,0,0,0,1.1,0
"409",16.6666666666667,83.3333333333333,0,8.33333333333333,19,88,0,2,23,0,11.1,2
"410",2,8,0,0.8,0,0,0,0,0,0,0,0
"411",0,0,0,0,0,0,0,0,0,0,0,0
"412",0.666666666666667,2.33333333333333,0,0.233333333333333,1,3,0,0,0,0,0.3,0
"413",1.66666666666667,13,0.333333333333333,3.3,1,12,0,4,27,1,9.9,1
"414",1,1.33333333333333,0,0.133333333333333,2,4,0,0,0,0,0.4,0
"415",0,0,0,0,0,0,0,0,0,0,0,0
"416",11,64.6666666666667,0,5.13333333333333,8,78,0,2,4,0,6.2,1
"417",21.6666666666667,47.3333333333333,1,10.7333333333333,23,26,2,3,22,0,16.8,3
"418",1.33333333333333,7,0,0.7,0,0,0,4,21,0,2.1,0
"419",8,48,0.333333333333333,6.8,7,34,0,2,4,0,3.8,0
"420",7.33333333333333,31.3333333333333,0.333333333333333,5.13333333333333,2,8,0,2,2,0,1,0
"421",2,9.66666666666667,0,0.3,0,0,0,0,0,0,0,0
"422",13,85.6666666666667,1,14.5666666666667,6,33,0,10,78,1,17.1,3
"423",0.333333333333333,0.333333333333333,0,0.0333333333333333,0,0,0,0,0,0,0,0
"424",29.3333333333333,132.333333333333,0.333333333333333,15.2333333333333,27,117,0,2,5,0,12.2,2
"425",7,22,0,2.2,5,23,0,3,3,0,2.6,0
"426",16.6666666666667,117.333333333333,0.666666666666667,16.4,27,170,2,4,55,0,36.5,4
"427",15.6666666666667,77,0.333333333333333,9.7,18,83,1,7,78,0,22.1,4
"428",0.666666666666667,0.666666666666667,0,0.0666666666666667,1,2,0,1,0,0,0.2,0
"429",26.3333333333333,113.333333333333,0.333333333333333,13.3333333333333,12,12,0,10,67,1,13.9,2
"430",11.3333333333333,51,0,4.43333333333333,8,19,0,4,28,0,2.7,0
"431",7.66666666666667,55,0.333333333333333,7.5,4,14,0,5,39,0,5.3,1
"432",0.666666666666667,4.33333333333333,0,0.433333333333333,2,13,0,0,0,0,1.3,0
"433",20.3333333333333,97.3333333333333,0,9.06666666666667,11,31,0,4,12,0,2.3,0
"434",7.66666666666667,66.3333333333333,0.333333333333333,8.63333333333333,3,0,0,4,38,1,9.8,1
"435",6.33333333333333,19,0.333333333333333,3.23333333333333,5,10,0,1,0,0,-1,0
"436",1.66666666666667,5.33333333333333,0,0.533333333333333,2,13,0,0,0,0,1.3,0
"437",24.3333333333333,89.6666666666667,0.333333333333333,10.9666666666667,28,83,1,3,19,0,16.2,3
"438",6,40,0,4,13,72,0,1,14,0,8.6,1
"439",11.3333333333333,33,0,3.3,10,38,0,4,26,0,6.4,1
"440",0,0,0,0,0,0,0,0,0,0,0,0
"441",8.33333333333333,46.6666666666667,0.333333333333333,6.66666666666667,10,39,0,8,83,1,18.2,3
"442",0.333333333333333,6.33333333333333,0.333333333333333,2.63333333333333,1,19,1,0,0,0,7.9,1
"443",1.66666666666667,13.6666666666667,0,1.36666666666667,5,41,0,0,0,0,4.1,0
"444",5.33333333333333,17.3333333333333,0,1.73333333333333,15,52,0,1,0,0,5.2,1
"445",7.33333333333333,47.3333333333333,0.333333333333333,7.4,18,72,1,4,70,0,22.2,4
"446",0.666666666666667,3.66666666666667,0,0.366666666666667,0,0,0,2,11,0,1.1,0
"447",0,0,0,0,0,0,0,0,0,0,0,0
"448",0,0,0,0,0,0,0,0,0,0,0,0
"449",0,0,0,0,0,0,0,0,0,0,0,0
"450",7.33333333333333,22.6666666666667,0,2.26666666666667,20,66,0,2,2,0,6.8,1
"451",0.333333333333333,6,0,0.6,0,0,0,0,0,0,0,0
"452",27.3333333333333,156,0.666666666666667,19.6,26,203,1,3,13,0,27.6,4
"453",10.6666666666667,34.3333333333333,0,3.43333333333333,12,22,0,1,9,0,3.1,0
"454",7.33333333333333,38.6666666666667,0,3.86666666666667,15,92,0,3,14,0,10.6,2
"455",1,0.666666666666667,0,0.0666666666666667,0,0,0,1,0,0,0,0
"456",3,8.33333333333333,0,0.833333333333333,5,15,0,1,7,0,2.2,0
"457",4.33333333333333,29.3333333333333,0.333333333333333,4.93333333333333,5,61,1,4,27,0,14.8,2
"458",5,15.3333333333333,0,1.53333333333333,2,2,0,0,0,0,0.2,0
"459",0,0,0,0,0,0,0,0,0,0,0,0
"460",0,0,0,0,0,0,0,0,0,0,0,0
"461",0.333333333333333,3.66666666666667,0,0.366666666666667,0,0,0,0,0,0,0,0
"462",17,67,0,6.7,11,8,0,0,0,0,0.8,0
"463",0.666666666666667,0.666666666666667,0,0.0666666666666667,0,0,0,2,2,0,0.2,0
"464",0.666666666666667,2.33333333333333,0,-0.433333333333333,2,7,0,0,0,0,0.7,0
"465",0.333333333333333,1,0,0.1,0,0,0,0,0,0,0,0
"466",2.33333333333333,12,0.333333333333333,3.2,1,-3,0,1,0,0,-0.3,0
"467",0,0,0,0,0,0,0,0,0,0,0,0
"468",0,0,0,0,0,0,0,0,0,0,0,0
"469",18.3333333333333,94.3333333333333,1,15.4333333333333,24,69,1,5,92,1,28.1,4
"470",10,53,0,4.63333333333333,5,18,0,5,13,0,3.1,0
"471",0,0,0,0,0,0,0,0,0,0,0,0
"472",22.3333333333333,74.6666666666667,0.666666666666667,10.8,18,99,0,3,36,0,11.5,2
"473",19.3333333333333,55.6666666666667,0,4.23333333333333,25,58,0,2,0,0,5.8,1
"474",4.66666666666667,12,0,1.2,4,14,0,0,0,0,1.4,0
"475",2.33333333333333,32.6666666666667,0,3.26666666666667,2,54,0,1,23,0,7.7,1
"476",3.33333333333333,9.33333333333333,0,0.933333333333333,3,8,0,0,0,0,0.8,0
"477",9,51,0.333333333333333,7.1,2,9,0,1,0,0,0.9,0
"478",7.33333333333333,26.6666666666667,0.333333333333333,4.66666666666667,8,24,0,2,10,0,3.4,0
"479",0.333333333333333,0,0,0,0,0,0,1,0,0,0,0
"480",0,0,0,0,0,0,0,0,0,0,0,0
"481",1.33333333333333,2,0,0.2,3,7,0,1,-1,0,0.6,0
"482",26,97.6666666666667,0,9.76666666666667,17,32,0,4,26,0,5.8,1
"483",5.66666666666667,20,0,2,3,0,0,6,34,0,3.4,0
"484",1.33333333333333,18.6666666666667,0,1.86666666666667,0,0,0,1,8,0,0.8,0
"485",21,134.666666666667,0.666666666666667,18.1333333333333,17,54,0,2,15,0,6.9,1
"486",18.3333333333333,93.3333333333333,0.333333333333333,11.3333333333333,22,61,0,8,58,0,11.9,2
"487",1.66666666666667,1,0,0.1,1,1,0,2,0,0,0.1,0
"488",0,0,0,0,0,0,0,0,0,0,0,0
"489",9.66666666666667,45.6666666666667,0.333333333333333,5.23333333333333,3,25,1,5,27,0,9.2,1
"490",20.3333333333333,74.6666666666667,0,6.8,18,63,0,4,40,0,10.3,2
"491",6,45.6666666666667,0.333333333333333,6.56666666666667,4,10,0,4,18,0,2.8,0
"492",1.33333333333333,5.33333333333333,0,0.533333333333333,0,0,0,0,0,0,0,0
"493",0.333333333333333,3,0,0.3,0,0,0,0,0,0,0,0
"494",0,0,0,0,0,0,0,0,0,0,0,0
"495",11.3333333333333,66.3333333333333,0,6.63333333333333,8,36,0,8,43,0,7.9,1
"496",0,0,0,0,0,0,0,0,0,0,0,0
"497",11.3333333333333,29.6666666666667,0,2.96666666666667,6,-5,0,2,4,0,-0.1,0
"498",0.333333333333333,4.66666666666667,0,0.466666666666667,0,0,0,1,14,0,1.4,0
"499",15.6666666666667,78.6666666666667,0.333333333333333,9.86666666666667,15,42,0,7,54,0,9.6,1
"500",1.66666666666667,4.66666666666667,0,0.466666666666667,1,5,0,1,6,0,1.1,0
"501",0.333333333333333,6,0,0.6,0,0,0,0,0,0,0,0
"502",25,140,1,19.3333333333333,13,45,1,2,16,0,10.1,2
"503",7,21,1,8.1,9,32,0,4,20,2,17.2,3
"504",1,1.33333333333333,0,0.133333333333333,2,4,0,1,0,0,0.4,0
"505",12.3333333333333,41,0.333333333333333,6.1,21,58,0,3,34,1,15.2,3
"506",8,38.6666666666667,0,3.86666666666667,2,0,0,0,0,0,0,0
"507",6.66666666666667,22.6666666666667,0,2.26666666666667,12,44,0,2,2,0,4.6,0
"508",4.33333333333333,31.6666666666667,0.333333333333333,5.16666666666667,2,2,0,2,5,0,0.7,0
"509",0,0,0,0,0,0,0,0,0,0,0,0
"510",0,0,0,0,0,0,0,0,0,0,0,0
"511",0.333333333333333,3.66666666666667,0,0.366666666666667,0,0,0,0,0,0,0,0
"512",16.3333333333333,71,0,7.1,15,78,0,2,16,0,9.4,1
"513",1.66666666666667,7.33333333333333,0,0.733333333333333,1,0,0,2,20,0,2,0
"514",3.66666666666667,29.6666666666667,0,2.96666666666667,4,22,0,7,67,0,8.9,1
"515",0.666666666666667,2.66666666666667,0,0.266666666666667,1,5,0,0,0,0,0.5,0
"516",4,17,0.333333333333333,3.7,4,15,0,1,0,0,1.5,0
"517",0.666666666666667,1.33333333333333,0,0.133333333333333,0,0,0,0,0,0,0,0
"518",0,0,0,0,0,0,0,0,0,0,0,0
"519",14,75,0.666666666666667,11.5,11,16,0,2,48,0,6.4,1
"520",11.3333333333333,60.6666666666667,0.333333333333333,7.4,10,43,0,4,26,1,12.9,2
"521",0,0,0,0,0,0,0,0,0,0,0,0
"522",18.6666666666667,76,0.666666666666667,10.9333333333333,8,36,0,1,9,0,4.5,0
"523",15.6666666666667,41,0,4.1,18,63,0,2,2,0,6.5,1
"524",5,38.3333333333333,0,3.83333333333333,4,10,0,4,7,0,1.7,0
"525",8.66666666666667,39.6666666666667,0,3.96666666666667,12,59,0,2,13,0,7.2,1
"526",0.333333333333333,0,0,0,0,0,0,0,0,0,0,0
"527",8,42.3333333333333,0.333333333333333,6.23333333333333,6,7,0,2,9,0,1.6,0
"528",1.33333333333333,2,0,0.2,0,0,0,0,0,0,0,0
"529",27.3333333333333,109.666666666667,0,10.9666666666667,29,129,0,3,20,0,14.9,2
"530",10,39.6666666666667,0.333333333333333,5.96666666666667,6,21,0,7,38,1,11.9,2
"531",1.33333333333333,-1,0,-0.1,4,-3,0,0,0,0,-0.3,0
"532",1.66666666666667,11.3333333333333,0.333333333333333,3.13333333333333,2,9,0,2,17,1,8.6,1
"533",24.3333333333333,123.666666666667,0.333333333333333,13.7,13,64,0,5,27,0,7.1,1
"534",4,10,0,1,7,27,0,0,0,0,2.7,0
"535",0,0,0,0,0,0,0,0,0,0,0,0
"536",8.33333333333333,40.6666666666667,0.333333333333333,6.06666666666667,3,43,0,0,0,0,4.3,0
"537",8,39,0.333333333333333,4.56666666666667,2,0,0,2,18,0,1.8,0
"538",0.666666666666667,4.33333333333333,0,0.433333333333333,0,0,0,0,0,0,0,0
"539",21.6666666666667,127,0,12.0333333333333,27,235,0,1,0,0,23.5,4
"540",10,38.6666666666667,0,3.2,22,100,0,2,6,0,10.6,2
"541",1.66666666666667,7,0,0.7,2,6,0,1,2,0,0.8,0
"542",16.6666666666667,60.6666666666667,0.333333333333333,7.4,14,34,0,5,46,0,6,1
"543",2,7.33333333333333,0,0.733333333333333,4,11,0,2,11,0,2.2,0
"544",0,0,0,0,0,0,0,0,0,0,0,0
"545",15.3333333333333,103.666666666667,0,10.3666666666667,6,18,0,10,128,0,14.6,2
"546",0.666666666666667,5.33333333333333,0,0.533333333333333,0,0,0,1,2,0,0.2,0
"547",16.3333333333333,87.3333333333333,0.333333333333333,10.7333333333333,8,14,0,1,30,0,4.4,0
"548",2.33333333333333,19,0.666666666666667,5.9,2,14,1,3,32,1,16.6,3
"549",2,15.3333333333333,0.333333333333333,3.53333333333333,4,12,0,1,15,0,2.7,0
"550",9.33333333333333,38.3333333333333,0,3.83333333333333,22,67,0,6,48,0,11.5,2
"551",0,0,0,0,0,0,0,0,0,0,0,0
"552",25.6666666666667,154.666666666667,1.33333333333333,22.8,29,158,2,4,29,0,30.7,4
"553",7,26,0.666666666666667,6.6,4,6,0,4,20,0,2.6,0
"554",2.33333333333333,9.66666666666667,0,0.966666666666667,3,27,0,1,-2,0,2.5,0
"555",18,68,0.666666666666667,10.8,16,77,1,1,4,0,14.1,2
"556",14.6666666666667,65.3333333333333,0,6.53333333333333,23,78,0,1,12,0,9,1
"557",12.6666666666667,47.6666666666667,0,4.76666666666667,16,63,0,2,12,0,7.5,1
"558",7.66666666666667,47,0.333333333333333,6.7,5,24,0,5,22,0,4.6,0
"559",1.33333333333333,1,0,0.1,2,1,0,0,0,0,0.1,0
"560",0.666666666666667,2.66666666666667,0,0.266666666666667,2,8,0,0,0,0,0.8,0
"561",0,0,0,0,0,0,0,0,0,0,0,0
"562",0,0,0,0,0,0,0,0,0,0,0,0
"563",13.6666666666667,49.3333333333333,0,4.93333333333333,11,32,0,2,14,0,4.6,0
"564",3.33333333333333,13,0,1.3,2,12,0,3,5,0,1.7,0
"565",7.33333333333333,41.3333333333333,0,4.13333333333333,6,28,0,5,7,0,3.5,0
"566",0.666666666666667,2.33333333333333,0,0.233333333333333,0,0,0,0,0,0,0,0
"567",0.333333333333333,1.66666666666667,0,0.166666666666667,0,0,0,0,0,0,0,0
"568",5,35.6666666666667,0.333333333333333,5.56666666666667,4,11,0,4,84,1,15.5,3
"569",0,0,0,0,0,0,0,0,0,0,0,0
"570",0,0,0,0,0,0,0,0,0,0,0,0
"571",10.3333333333333,46.3333333333333,0.333333333333333,6.63333333333333,4,8,0,3,31,0,3.9,0
"572",0,0,0,0,0,0,0,0,0,0,0,0
"573",17.6666666666667,94,0.333333333333333,10.7333333333333,21,87,1,2,15,0,16.2,3
"574",19.6666666666667,46.6666666666667,0,4.66666666666667,12,17,0,0,0,0,1.7,0
"575",3.66666666666667,13.6666666666667,0,1.36666666666667,6,21,0,1,6,0,2.7,0
"576",4.66666666666667,36.6666666666667,0,3.66666666666667,2,7,0,1,9,0,1.6,0
"577",12,78,0.666666666666667,11.8,15,113,2,4,40,0,27.3,4
"578",4.66666666666667,13.3333333333333,0,1.33333333333333,1,-2,0,3,8,0,0.6,0
"579",1.66666666666667,3.33333333333333,0,0.333333333333333,0,0,0,4,10,0,1,0
"580",0,0,0,0,0,0,0,0,0,0,0,0
"581",6,21,0,2.1,4,8,0,6,39,0,4.7,0
"582",1.33333333333333,2,0,0.2,0,0,0,0,0,0,0,0
"583",23,87.6666666666667,0,9.43333333333333,10,11,0,6,45,0,7.6,1
"584",10,39.3333333333333,0.333333333333333,5.93333333333333,2,4,0,6,21,0,2.5,0
"585",2.66666666666667,1.66666666666667,0,0.166666666666667,3,8,0,1,0,0,0.8,0
"586",5.66666666666667,21,0.666666666666667,6.1,8,21,1,4,8,0,8.9,1
"587",11.3333333333333,62,0.333333333333333,8.2,8,29,1,7,88,0,17.7,3
"588",20.6666666666667,80,0,7.33333333333333,14,30,0,0,0,0,3,0
"589",4.66666666666667,20,0,2,3,23,0,1,9,0,3.2,0
"590",0.333333333333333,0.333333333333333,0,0.0333333333333333,1,1,0,0,0,0,0.1,0
"591",1.66666666666667,0.666666666666667,0,0.0666666666666667,3,2,0,2,0,0,0.2,0
"592",22.3333333333333,145.333333333333,0,14.5333333333333,14,97,0,3,1,0,9.8,1
"593",7,26,0,2.6,7,27,0,6,23,0,5,1
"594",15.3333333333333,81.6666666666667,0.333333333333333,9.5,17,105,0,5,34,1,17.9,3
"595",1,2.66666666666667,0,0.266666666666667,0,0,0,0,0,0,0,0
"596",13.6666666666667,39,0,3.23333333333333,19,24,0,3,13,0,3.7,0
"597",3,11,0,1.1,1,4,0,2,7,0,1.1,0
"598",1,0.333333333333333,0,0.0333333333333333,3,1,0,0,0,0,0.1,0
"599",15,97.3333333333333,0,9.73333333333333,10,16,0,3,51,0,6.7,1
"600",0,0,0,0,0,0,0,0,0,0,0,0
"601",20,90.6666666666667,1,14.4,8,18,0,4,6,0,2.4,0
"602",3,12,0,1.2,1,7,0,1,0,0,0.7,0
"603",15,62.3333333333333,0.666666666666667,10.2333333333333,4,14,0,0,0,0,1.4,0
"604",10.6666666666667,34,0,3.4,6,12,0,0,0,0,1.2,0
"605",15.3333333333333,62.6666666666667,0,6.26666666666667,13,67,0,1,0,0,6.7,1
"606",3,7.66666666666667,0,0.766666666666667,6,22,0,1,0,0,2.2,0
"607",1,4.66666666666667,0,0.466666666666667,1,6,0,0,0,0,0.6,0
"608",0.333333333333333,0,0,0,0,0,0,1,0,0,0,0
"609",14.6666666666667,69.3333333333333,0.333333333333333,8.93333333333333,13,58,1,1,10,0,12.8,2
"610",3,12.3333333333333,0,1.23333333333333,0,0,0,1,0,0,0,0
"611",13.6666666666667,77.3333333333333,0.333333333333333,9.73333333333333,6,17,0,13,91,1,16.8,3
"612",0.333333333333333,0,0,0,0,0,0,1,0,0,0,0
"613",0.333333333333333,1.66666666666667,0,0.166666666666667,0,0,0,0,0,0,0,0
"614",7,44.6666666666667,0.333333333333333,6.46666666666667,3,22,0,5,2,0,2.4,0
"615",0.666666666666667,2.66666666666667,0,0.266666666666667,1,4,0,1,4,0,0.8,0
"616",0,0,0,0,0,0,0,0,0,0,0,0
"617",8.33333333333333,36,0,3.6,9,35,0,3,9,0,4.4,0
"618",10.3333333333333,61.6666666666667,0.333333333333333,8.16666666666667,7,56,0,3,21,0,7.7,1
"619",0,0,0,0,0,0,0,0,0,0,0,0
"620",15.6666666666667,72,0.333333333333333,8.53333333333333,10,47,0,5,22,0,4.9,0
"621",6.66666666666667,33,0.333333333333333,5.3,12,61,0,1,11,1,13.2,2
"622",5.33333333333333,19,0,1.9,1,6,0,4,18,0,2.4,0
"623",13.6666666666667,93,0.666666666666667,13.3,7,42,0,1,12,0,5.4,1
"624",2,2,0,0.2,0,0,0,2,0,0,0,0
"625",2,5.33333333333333,0,0.533333333333333,1,1,0,1,5,0,0.6,0
"626",1.66666666666667,8,0,0.8,2,8,0,3,16,0,2.4,0
"627",9.33333333333333,32.3333333333333,0,3.23333333333333,3,10,0,7,24,0,3.4,0
"628",0,0,0,0,0,0,0,0,0,0,0,0
"629",21,88,0.333333333333333,10.1333333333333,14,53,1,1,6,0,7.9,1
"630",14,61.3333333333333,0.333333333333333,8.13333333333333,15,66,0,6,34,0,10,2
"631",7,15,0,1.5,13,40,0,0,0,0,4,0
"632",13.6666666666667,58.3333333333333,1,11.8333333333333,22,99,0,3,21,1,18,3
"633",15.6666666666667,94,0.333333333333333,10.7333333333333,26,134,0,6,31,0,14.5,2
"634",13.3333333333333,48.3333333333333,0,4.16666666666667,8,24,0,0,0,0,2.4,0
"635",5,27.3333333333333,0,2.73333333333333,3,21,0,1,2,0,2.3,0
"636",0.333333333333333,0.333333333333333,0,0.0333333333333333,0,0,0,0,0,0,0,0
"637",9.33333333333333,48.6666666666667,0,4.86666666666667,14,47,0,11,56,0,10.3,2
"638",4.33333333333333,19.6666666666667,0,1.96666666666667,7,26,0,1,31,0,5.7,1
"639",24,144.333333333333,0.333333333333333,15.7666666666667,25,95,1,2,5,0,14,2
"640",1,2.33333333333333,0,0.233333333333333,3,7,0,0,0,0,0.7,0
"641",7.33333333333333,27.3333333333333,0,2.73333333333333,5,2,0,4,30,0,3.2,0
"642",17.3333333333333,82,0.333333333333333,9.53333333333333,5,4,0,1,-3,0,0.1,0
"643",1.33333333333333,4,0,0.4,4,12,0,0,0,0,1.2,0
"644",1.33333333333333,6.33333333333333,0,0.633333333333333,1,11,0,0,0,0,1.1,0
"645",19.6666666666667,70.3333333333333,0.333333333333333,8.36666666666667,13,45,0,5,49,1,15.4,3
"646",4,17,0.333333333333333,3.7,1,5,0,2,13,1,7.8,1
"647",1,0.333333333333333,0,0.0333333333333333,0,0,0,0,0,0,0,0
"648",11.6666666666667,82.6666666666667,0,8.26666666666667,5,26,0,1,9,0,3.5,0
"649",4,21.3333333333333,0,2.13333333333333,11,62,0,1,2,0,6.4,1
"650",0.333333333333333,0.666666666666667,0,0.0666666666666667,0,0,0,0,0,0,0,0
"651",0,0,0,0,0,0,0,0,0,0,0,0
"652",23,99,1,15.2333333333333,23,69,1,1,17,0,12.6,2
"653",2.33333333333333,11,0,1.1,1,1,0,0,0,0,0.1,0
"654",7,31.6666666666667,0.333333333333333,5.16666666666667,0,0,0,0,0,0,0,0
"655",14,42,0.333333333333333,6.2,11,24,1,1,0,0,8.4,1
"656",13.6666666666667,62,0,6.2,7,23,0,2,21,0,4.4,0
"657",4,8.66666666666667,0,0.866666666666667,3,3,0,0,0,0,0.3,0
"658",1,4.66666666666667,0,0.466666666666667,0,0,0,0,0,0,0,0
"659",0.333333333333333,0,0,0,0,0,0,0,0,0,0,0
"660",11,42.6666666666667,0.333333333333333,8.14666666666667,4,8,0,2,6,0,7.04,1
"661",0,0,0,0,0,0,0,0,0,0,0,0
"662",3.33333333333333,13,0,1.3,3,14,0,1,8,0,2.2,0
"663",12.6666666666667,75,0.666666666666667,11.5,3,36,0,5,46,1,14.2,2
"664",0,0,0,0,0,0,0,0,0,0,0,0
"665",10.6666666666667,56.6666666666667,0.333333333333333,7.66666666666667,16,51,0,0,0,0,5.1,1
"666",1,3.66666666666667,0,0.366666666666667,1,3,0,0,0,0,0.3,0
"667",0,0,0,0,0,0,0,0,0,0,0,0
"668",7.66666666666667,32.6666666666667,0,3.26666666666667,10,54,0,1,0,0,5.4,1
"669",10,63.3333333333333,0,6.33333333333333,5,10,0,8,64,0,7.4,1
"670",0,0,0,0,0,0,0,0,0,0,0,0
"671",20.6666666666667,92.6666666666667,0.333333333333333,10.6,22,101,0,2,6,0,10.7,2
"672",11,49,0.333333333333333,6.9,11,34,0,2,14,0,4.8,0
"673",4,5,0,0.5,3,2,0,3,7,0,0.9,0
"674",3,9,0,0.9,0,0,0,3,11,0,1.1,0
"675",3.66666666666667,15,0,1.5,4,16,0,2,5,0,2.1,0
"676",9.66666666666667,31.3333333333333,0,3.13333333333333,3,5,0,6,8,0,1.3,0
"677",0.333333333333333,0.666666666666667,0,0.0666666666666667,0,0,0,1,2,0,0.2,0
"678",14,75.3333333333333,0.333333333333333,8.86666666666667,9,111,0,2,0,0,11.1,2
"679",13,56.6666666666667,0.333333333333333,7.66666666666667,7,41,1,3,4,0,10.5,2
"680",6.33333333333333,16.3333333333333,0,1.63333333333333,2,1,0,0,0,0,0.1,0
"681",21,90.6666666666667,0.666666666666667,13.0666666666667,19,92,0,7,31,0,12.3,2
"682",24,124.333333333333,1,17.7666666666667,23,76,2,2,15,0,21.1,4
"683",11.6666666666667,30.3333333333333,0,3.03333333333333,11,34,0,2,3,0,3.7,0
"684",8,47.3333333333333,0.333333333333333,6.73333333333333,14,75,1,2,12,0,14.7,2
"685",0.666666666666667,6.66666666666667,0,0.666666666666667,1,19,0,0,0,0,1.9,0
"686",14,55,0,4.83333333333333,12,40,0,5,22,0,4.2,0
"687",3,16.6666666666667,0,2.33333333333333,4,12,0,5,38,0,7,1
"688",4.33333333333333,19.6666666666667,0,1.96666666666667,0,0,0,0,0,0,0,0
"689",19.3333333333333,94.6666666666667,0.666666666666667,12.8,11,81,1,3,5,0,14.6,2
"690",7,16.3333333333333,0,0.966666666666667,18,42,0,0,0,0,2.2,0
"691",12.6666666666667,55.3333333333333,0,5.53333333333333,13,78,0,3,6,0,8.4,1
"692",17.6666666666667,96,0.666666666666667,12.9333333333333,24,124,1,1,24,0,20.8,4
"693",1.33333333333333,4,0,0.4,0,0,0,0,0,0,0,0
"694",3.33333333333333,13,0.333333333333333,3.3,8,34,1,1,-6,0,8.8,1
"695",20.3333333333333,63.3333333333333,0.333333333333333,8.33333333333333,16,60,0,5,-1,0,5.9,1
"696",5.66666666666667,17.3333333333333,0.333333333333333,3.73333333333333,7,15,0,4,8,0,2.3,0
"697",1,0.333333333333333,0,0.0333333333333333,0,0,0,0,0,0,0,0
"698",10,56.3333333333333,0,5.63333333333333,6,40,0,5,27,0,6.7,1
"699",0.333333333333333,-2.66666666666667,0,-0.933333333333333,1,-8,0,0,0,0,-2.8,0
"700",11,72.6666666666667,0.666666666666667,11.2666666666667,20,145,2,1,9,0,27.4,4
